First Timestamp,Crash Line,First Source File,First Found In,Also Found In,Total Scenarios
2025-06-17 11:59:35,nearRT-RIC: /flexric/src/lib/e2ap/v2_03/dec/e2ap_msg_dec_asn.c:2548: e2ap_dec_e42_subscription_delete_request: Assertion `ran_id->criticality == Criticality_reject' failed.,oran-orchestration-nearRT-RIC-1_20250617_115935_20250617_115901.log,No Optimization,Optimization; Random; Random + Duplication; Optimized + Duplication; No Optimized Mutation + Duplication,6
2025-06-17 11:59:35,nearRT-RIC: /flexric/src/lib/e2ap/v2_03/dec/e2ap_msg_dec_asn.c:544: e2ap_dec_e42_subscription_request: Assertion `sub_det->criticality == Criticality_reject' failed.,oran-orchestration-nearRT-RIC-1_20250617_115935_20250617_115901.log,No Optimization,Optimization; Random; Random + Duplication; Optimized + Duplication; No Optimized Mutation + Duplication,6
2025-06-17 12:01:10,In capture_sst_sd() /oai/openair2/E2AP/RAN_FUNCTION/O-RAN/ran_func_kpm.c:168,oran-orchestration-oai-du-rfsim-1_20250617_120110_20250617_120030.log,No Optimization,Random,2
2025-06-17 12:02:44,nearRT-RIC: /flexric/src/lib/e2ap/v2_03/dec/e2ap_msg_dec_asn.c:2540: e2ap_dec_e42_subscription_delete_request: Assertion `sub_req->criticality == Criticality_reject' failed.,oran-orchestration-nearRT-RIC-1_20250617_120244_20250617_120204.log,No Optimization,Optimization; Random; Random + Duplication; Optimized + Duplication; No Optimized Mutation + Duplication,6
2025-06-17 12:04:59,nearRT-RIC: /flexric/src/lib/e2ap/v2_03/dec/e2ap_msg_dec_asn.c:487: e2ap_dec_e42_subscription_request: Assertion `node_src->criticality == Criticality_reject' failed.,oran-orchestration-nearRT-RIC-1_20250617_120459_20250617_120418.log,No Optimization,Optimization; Random; Random + Duplication; Optimized + Duplication; No Optimized Mutation + Duplication,6
2025-06-17 12:06:33,nearRT-RIC: /flexric/src/lib/e2ap/v2_03/dec/e2ap_msg_dec_asn.c:2523: e2ap_dec_e42_subscription_delete_request: Assertion `pdu->choice.initiatingMessage->criticality == Criticality_reject' failed.,oran-orchestration-nearRT-RIC-1_20250617_120633_20250617_120553.log,No Optimization,Optimization; Random; Random + Duplication; Optimized + Duplication; No Optimized Mutation + Duplication,6
2025-06-17 12:07:27,"nearRT-RIC: /flexric/src/lib/e2ap/v2_03/dec/e2ap_msg_dec_asn.c:2677: e2ap_get_msg_type: Assertion `0 != 0 && ""unhandled message""' failed.",oran-orchestration-nearRT-RIC-1_20250617_120727_20250617_120713.log,No Optimization,Optimization; Random + Duplication; Optimized + Duplication; No Optimized Mutation + Duplication,5
2025-06-17 12:08:46,nearRT-RIC: /flexric/src/lib/e2ap/v2_03/dec/e2ap_msg_dec_asn.c:527: e2ap_dec_e42_subscription_request: Assertion `sub_req->criticality == Criticality_reject' failed.,oran-orchestration-nearRT-RIC-1_20250617_120846_20250617_120812.log,No Optimization,Optimization; Random; Random + Duplication; Optimized + Duplication; No Optimized Mutation + Duplication,6
2025-06-17 12:11:09,nearRT-RIC: /flexric/src/lib/e2ap/v2_03/dec/e2ap_msg_dec_asn.c:536: e2ap_dec_e42_subscription_request: Assertion `ran_id->criticality == Criticality_reject' failed.,oran-orchestration-nearRT-RIC-1_20250617_121109_20250617_121035.log,No Optimization,Optimization; Random; Random + Duplication; Optimized + Duplication; No Optimized Mutation + Duplication,6
2025-06-17 12:13:38,"nearRT-RIC: /flexric/src/ric/msg_handler_ric.c:117: e2ap_handle_subscription_response_ric: Assertion `resp->admitted[0].ric_act_id == 0 && ""No other case implemented""' failed.",oran-orchestration-nearRT-RIC-1_20250617_121338_20250617_121258.log,No Optimization,Optimization; Random; Random + Duplication; Optimized + Duplication; No Optimized Mutation + Duplication,6
2025-06-17 12:13:38,"nr-cuup: /oai/openair2/E2AP/flexric/src/agent/msg_handler_agent.c:136: supported_ric_subscription_request: Assertion `sr->action->type == RIC_ACT_REPORT && ""Only report supported""' failed.",oran-orchestration-oai-cu-up-1_20250617_121338_20250617_121258.log,No Optimization,Optimization; Random; Random + Duplication; Optimized + Duplication; No Optimized Mutation + Duplication,6
2025-06-17 12:17:35,In capture_sst_sd() /oai/openair2/E2AP/RAN_FUNCTION/O-RAN/ran_func_kpm.c:177,oran-orchestration-oai-du-rfsim-1_20250617_121735_20250617_121721.log,No Optimization,Random,2
2025-06-17 12:19:50,nearRT-RIC: /flexric/src/lib/e2ap/v2_03/dec/e2ap_msg_dec_asn.c:2531: e2ap_dec_e42_subscription_delete_request: Assertion `xapp_id->criticality == Criticality_reject' failed.,oran-orchestration-nearRT-RIC-1_20250617_121950_20250617_121910.log,No Optimization,Optimization; Random; Random + Duplication; Optimized + Duplication; No Optimized Mutation + Duplication,6
2025-06-17 12:20:38,"nearRT-RIC: /flexric/src/ric/map_e2_node_sockaddr.c:154: find_map_e2_node_sad: Assertion `it != end && ""E2 Node not found in the tree""' failed.",oran-orchestration-nearRT-RIC-1_20250617_122038_20250617_122024.log,No Optimization,Optimization; Random; Duplicate; Random + Duplication; Optimized + Duplication; No Optimized Mutation + Duplication,7
2025-06-17 12:23:47,"nr-cuup: /oai/openair2/E2AP/RAN_FUNCTION/O-RAN/ran_func_kpm.c:230: filter_ues_by_s_nssai_in_cuup: Assertion `*test_info.test_cond == EQUAL_TEST_COND && ""Currently support EQUAL test condition""' failed.",oran-orchestration-oai-cu-up-1_20250617_122347_20250617_122307.log,No Optimization,Random,2
2025-06-17 12:24:41,"nr-softmodem: /oai/openair2/E2AP/RAN_FUNCTION/O-RAN/ran_func_kpm_subs.c:226: get_kpm_meas_value: Assertion `found_entry != NULL && ""Unsupported KPM measurement name""' failed.",oran-orchestration-oai-du-rfsim-1_20250617_122441_20250617_122401.log,No Optimization,Optimization; Random; Random + Duplication; Optimized + Duplication; No Optimized Mutation + Duplication,6
2025-06-17 12:44:49,"nearRT-RIC: /flexric/src/lib/e2ap/v2_03/dec/e2ap_msg_dec_asn.c:2256: e2ap_dec_connection_update: Assertion `0!=0 && ""Not implemented""' failed.",oran-orchestration-nearRT-RIC-1_20250617_124449_20250617_124409.log,No Optimization,Optimization,2
2025-06-17 12:44:49,"nr-cuup: /oai/openair2/E2AP/RAN_FUNCTION/O-RAN/ran_func_kpm_subs.c:226: get_kpm_meas_value: Assertion `found_entry != NULL && ""Unsupported KPM measurement name""' failed.",oran-orchestration-oai-cu-up-1_20250617_124449_20250617_124409.log,No Optimization,Optimization; Random; Random + Duplication; Optimized + Duplication; No Optimized Mutation + Duplication,6
2025-06-17 12:46:24,"nr-cuup: /oai/openair2/E2AP/RAN_FUNCTION/O-RAN/ran_func_kpm.c:72: fill_kpm_meas_data_item: Assertion `meas_info_lst[i].meas_type.type == NAME_MEAS_TYPE && ""Only NAME supported""' failed.",oran-orchestration-oai-cu-up-1_20250617_124624_20250617_124544.log,No Optimization,Random,2
2025-06-17 12:50:32,"nr-softmodem: /oai/openair2/E2AP/RAN_FUNCTION/O-RAN/ran_func_kpm.c:72: fill_kpm_meas_data_item: Assertion `meas_info_lst[i].meas_type.type == NAME_MEAS_TYPE && ""Only NAME supported""' failed.",oran-orchestration-oai-du-rfsim-1_20250617_125032_20250617_125017.log,No Optimization,Random,2
2025-06-17 12:52:20,nearRT-RIC: /flexric/src/lib/e2ap/v2_03/dec/e2ap_msg_dec_asn.c:477: e2ap_dec_e42_subscription_request: Assertion `xapp_id->criticality == Criticality_reject' failed.,oran-orchestration-nearRT-RIC-1_20250617_125220_20250617_125205.log,No Optimization,Optimization; Random; Random + Duplication; Optimized + Duplication; No Optimized Mutation + Duplication,6
2025-06-17 13:01:34,"nr-softmodem: /oai/openair2/E2AP/flexric/src/agent/msg_handler_agent.c:136: supported_ric_subscription_request: Assertion `sr->action->type == RIC_ACT_REPORT && ""Only report supported""' failed.",oran-orchestration-oai-du-rfsim-1_20250617_130134_20250617_130054.log,No Optimization,Optimization; Random; Random + Duplication; Optimized + Duplication; No Optimized Mutation + Duplication,6
2025-06-17 13:40:57,"nr-softmodem: /oai/openair2/E2AP/RAN_FUNCTION/O-RAN/ran_func_kpm.c:268: filter_ues_by_s_nssai_in_du_or_monolithic: Assertion `*test_info.test_cond == EQUAL_TEST_COND && ""Currently support EQUAL test condition""' failed.",oran-orchestration-oai-du-rfsim-1_20250617_134057_20250617_134017.log,No Optimization,Random,2
2025-06-17 14:59:34,"nearRT-RIC: /flexric/src/lib/e2ap/v2_03/dec/e2ap_msg_dec_asn.c:1365: e2ap_dec_error_indication: Assertion `0!=0 && ""Untested code""' failed.",oran-orchestration-nearRT-RIC-1_20250617_145934_20250617_145919.log,No Optimization,Optimization; Optimized + Duplication,3
2025-06-17 15:10:50,In capture_sst_sd() /oai/openair2/E2AP/RAN_FUNCTION/O-RAN/ran_func_kpm.c:167,oran-orchestration-oai-cu-up-1_20250617_151050_20250617_150901.log,Optimization,Random + Duplication; Optimized + Duplication; No Optimized Mutation + Duplication,4
2025-06-17 15:14:41,"nearRT-RIC: /flexric/src/lib/e2ap/v2_03/enc/e2ap_msg_enc_asn.c:3165: e2ap_enc_e42_setup_response_asn_pdu: Assertion `sr->len_e2_nodes_conn > 0 && ""No global node conected??""' failed.",oran-orchestration-nearRT-RIC-1_20250617_151441_20250617_150901.log,Optimization,Random; Optimized + Duplication; No Optimized Mutation + Duplication,4
2025-06-17 15:23:13,In capture_sst_sd() /oai/openair2/E2AP/RAN_FUNCTION/O-RAN/ran_func_kpm.c:176,oran-orchestration-oai-cu-up-1_20250617_152313_20250617_150901.log,Optimization,Random + Duplication; Optimized + Duplication; No Optimized Mutation + Duplication,4
2025-06-17 15:33:00,"nearRT-RIC: /flexric/src/lib/e2ap/v2_03/dec/e2ap_msg_dec_asn.c:1875: e2ap_dec_reset_request: Assertion `0!=0 && ""Untested code""' failed.",oran-orchestration-nearRT-RIC-1_20250617_153300_20250617_153245.log,No Optimization,None,1
2025-06-17 15:33:45,"nr-cuup: /oai/openair2/E2AP/RAN_FUNCTION/O-RAN/ran_func_kpm.c:229: filter_ues_by_s_nssai_in_cuup: Assertion `*test_info.test_cond == EQUAL_TEST_COND && ""Currently support EQUAL test condition""' failed.",oran-orchestration-oai-cu-up-1_20250617_153345_20250617_150901.log,Optimization,Random + Duplication; Optimized + Duplication; No Optimized Mutation + Duplication,4
2025-06-17 16:24:52,"nr-softmodem: /oai/openair2/E2AP/RAN_FUNCTION/O-RAN/ran_func_kpm.c:71: fill_kpm_meas_data_item: Assertion `meas_info_lst[i].meas_type.type == NAME_MEAS_TYPE && ""Only NAME supported""' failed.",oran-orchestration-oai-du-rfsim-1_20250617_162452_20250617_150901.log,Optimization,Random + Duplication; Optimized + Duplication; No Optimized Mutation + Duplication,4
2025-06-17 19:00:41,/oai/openair2/RRC/NR/cucp_cuup_e1ap.c:31 cucp_cuup_bearer_context_setup_e1ap() Exiting OAI softmodem: _Assert_Exit_,oran-orchestration-oai-cu-cp-1_20250617_190041_20250617_150901.log,Optimization,Random + Duplication; Optimized + Duplication; No Optimized Mutation + Duplication,4
2025-06-17 19:00:41,In cucp_cuup_bearer_context_setup_e1ap() /oai/openair2/RRC/NR/cucp_cuup_e1ap.c:31,oran-orchestration-oai-cu-cp-1_20250617_190041_20250617_150901.log,Optimization,Random + Duplication; Optimized + Duplication; No Optimized Mutation + Duplication,4
2025-06-17 20:59:47,"nr-cuup: /oai/openair2/E2AP/RAN_FUNCTION/O-RAN/ran_func_kpm.c:71: fill_kpm_meas_data_item: Assertion `meas_info_lst[i].meas_type.type == NAME_MEAS_TYPE && ""Only NAME supported""' failed.",oran-orchestration-oai-cu-up-1_20250617_205947_20250617_150901.log,Optimization,Random + Duplication; Optimized + Duplication; No Optimized Mutation + Duplication,4
2025-06-17 21:15:10,"nearRT-RIC: /flexric/src/lib/e2ap/v2_03/dec/e2ap_msg_dec_asn.c:1946: e2ap_dec_service_update: Assertion `0!=0 && ""Untested code""' failed.",oran-orchestration-nearRT-RIC-1_20250617_211510_20250617_211456.log,No Optimization,None,1
2025-06-17 23:43:28,"nearRT-RIC: /flexric/src/util/alg_ds/ds/assoc_container/assoc_rb_tree.c:457: assoc_rb_tree_extract: Assertion `z_node != tree->dummy && ""Trying to extract a key not found in the tree""' failed.",oran-orchestration-nearRT-RIC-1_20250617_234328_20250617_150901.log,Optimization,Duplicate; Random + Duplication; Optimized + Duplication; No Optimized Mutation + Duplication,5
2025-06-18 13:56:56,nearRT-RIC: /flexric/src/lib/e2ap/v2_03/dec/e2ap_msg_dec_asn.c:905: e2ap_dec_indication: Assertion `pdu->choice.initiatingMessage->criticality == Criticality_ignore' failed.,oran-orchestration-nearRT-RIC-1_20250618_135656_20250617_150901.log,Optimization,Optimized + Duplication,2
2025-06-18 14:27:11,"nr-softmodem: /oai/openair2/E2AP/RAN_FUNCTION/O-RAN/ran_func_kpm.c:267: filter_ues_by_s_nssai_in_du_or_monolithic: Assertion `*test_info.test_cond == EQUAL_TEST_COND && ""Currently support EQUAL test condition""' failed.",oran-orchestration-oai-du-rfsim-1_20250618_142711_20250617_150901.log,Optimization,Random + Duplication; Optimized + Duplication; No Optimized Mutation + Duplication,4
2025-06-23 05:11:14,"nearRT-RIC: /flexric/src/lib/msg_hand/reg_e2_nodes.c:174: add_reg_e2_node: Assertion `it_node == end_node && ""Trying to add an already existing E2 Node""' failed.",oran-orchestration-nearRT-RIC-1_20250623_051114_20250622_131607.log,Random,Random + Duplication; Optimized + Duplication; No Optimized Mutation + Duplication,4
2025-07-08 08:47:14,"nearRT-RIC: /flexric/src/ric/iApp/msg_handler_iapp.c:343: e2ap_handle_e42_ric_subscription_request_iapp: Assertion `valid_global_e2_node(iapp, &e42_sr->id )' failed.",oran-orchestration-nearRT-RIC-1_20250708_084714_20250708_084651.log,Random + Duplication,Optimized + Duplication; No Optimized Mutation + Duplication,3
2025-07-08 09:00:54,"nearRT-RIC: /flexric/src/ric/iApp/map_ric_id.c:227: find_ric_req_map_ric_id: Assertion `it != end && ""Not found xApp RIC ID ""' failed.",oran-orchestration-nearRT-RIC-1_20250708_090054_20250708_090029.log,Random + Duplication,Duplicate; Optimized + Duplication; No Optimized Mutation + Duplication,4
2025-07-08 23:50:02,nr-cuup: /oai/openair2/E2AP/flexric/src/agent/e2_agent.c:242: pend_event: Assertion `bi_map_size(&ag->pending) == 1' failed.,oran-orchestration-oai-cu-up-1_20250708_235002_20250708_234929.log,Random + Duplication,Optimized + Duplication; No Optimized Mutation + Duplication,3
2025-07-10 21:17:31,"nearRT-RIC: /flexric/src/ric/iApp/msg_handler_iapp.c:342: e2ap_handle_e42_ric_subscription_request_iapp: Assertion `valid_xapp_id(iapp, e42_sr->xapp_id) == true' failed.",oran-orchestration-nearRT-RIC-1_20250710_211731_20250710_053710.log,Optimized + Duplication,None,1
